name,domain,what,region,website,github,linkedin_org,linkedin_people,tags,related_to,source,founding_year,takes_contributors,careers_url,last_verified
Access Advisors,disability & accessibility tech,"Access Advisors is a New Zealand digital accessibility consultancy that helps organisations, including government agencies and banks, test and design websites and services so they work for disabled people, using a panel of disabled testers with real assistive technology.",national,https://accessadvisors.nz,,,,accessibility; disability; consulting; WCAG; assistive technology,Blind Low Vision NZ; Be. Lab,accessadvisors.nz homepage (verified via WebFetch),,,,2026-08-05
Access Matters Aotearoa (Access Alliance),disability & accessibility tech,"Access Matters Aotearoa (originally the Access Alliance, formed in 2017 with support from Blind Low Vision NZ) is a coalition of disabled people's organisations campaigning for an Accessibility Act that would require services and technology across New Zealand to be accessible to disabled people.",national,https://www.accessmatters.org.nz,,,,accessibility; disability advocacy; legislation; coalition,Blind Low Vision NZ,accessmatters.org.nz (verified via WebFetch); founding history from abcnz.org.nz (Blind Citizens NZ) found via web search,,,,2026-08-05
ActionStation,human-rights tech,"ActionStation is a New Zealand digital campaigning organisation that helps everyday people run online petitions and coordinated campaigns on issues like Te Tiriti o Waitangi (the Treaty of Waitangi), climate justice, and welfare.",Wellington,https://actionstation.org.nz,,https://nz.linkedin.com/company/actionstation,,digital campaigning; advocacy; petitions; Te Tiriti,,actionstation.org.nz (verified via WebFetch); Wikipedia page for co-director Kassie Hartendorp found via web search,,,,2026-08-05
AI Forum New Zealand,tech-ethics / responsible-AI,"AI Forum New Zealand is a member organisation that brings together businesses, researchers, and government to guide artificial intelligence in New Zealand, running working groups on AI governance and a Māori AI Advisory Panel to help make sure AI is developed responsibly and inclusively.",national,https://aiforum.org.nz,,,,responsible AI; tech ethics; industry network; AI governance,Te Mana Raraunga,aiforum.org.nz homepage (verified via WebFetch),,,,2026-08-05
ALTER (Advancing Law and Technology Responsibly),legal-aid / justice tech,"ALTER is a University of Auckland Law School initiative that runs a student hackathon, fellowships, and publications to build technology that improves access to legal and social support in New Zealand, while thinking carefully about the ethics of that technology.",Auckland,https://www.alter.auckland.ac.nz/,,,,legal tech; hackathon; university; access to justice; responsible tech,OpenLaw NZ; Wellington Community Justice Project,alter.auckland.ac.nz/hackathon (verified via WebFetch),,,,2026-08-05
Amnesty International Aotearoa New Zealand,human-rights tech,"Amnesty International Aotearoa New Zealand is the local chapter of the global human rights movement, established in 1965, that runs online petitions, letter-writing actions, and digital campaigns on issues like refugee rights and climate justice.",Auckland,https://amnesty.org.nz,,,,human rights; digital campaigning; advocacy; non-profit,ActionStation,amnesty.org.nz/who-we-are (verified via WebFetch),,,,2026-08-05
Aotearoa Resettled Community Coalition (ARCC),refugee / migrant support tech,"The Aotearoa Resettled Community Coalition is an Auckland umbrella charity representing 26 member organisations from former refugee communities, helping people find housing, healthcare, and legal services, and giving them a collective voice on resettlement issues.",Auckland,https://arcc.org.nz/,,,,refugee support; resettlement; umbrella organisation; non-profit,Belong Aotearoa; ChangeMakers Resettlement Forum,"arcc.org.nz homepage (verified via curl, HTTP 200); web search of arcc.org.nz about-us page",,,,2026-08-05
Ara Ake,green / climate-tech,"Ara Ake is a New Zealand government-established energy innovation centre, based in Taranaki, that helps businesses test and commercialise new clean energy technologies.",Taranaki,https://www.araake.co.nz,,https://nz.linkedin.com/company/ara-ake,,clean energy; climate tech; government agency; innovation,,araake.co.nz (verified via WebFetch),,,,2026-08-05
Asylum Seekers Support Trust (ASST),refugee / migrant support tech,"The Asylum Seekers Support Trust is the only New Zealand organisation that focuses specifically on people seeking asylum, giving them emergency housing and practical help from qualified social workers while their claims are processed.",Auckland,https://asst.org.nz/,,,,refugee support; asylum seekers; emergency housing; non-profit,Belong Aotearoa,"asst.org.nz homepage (verified via curl, HTTP 200); web search of asst.org.nz about-us page",,,,2026-08-05
Auckland Co-design Lab,govtech,"The Auckland Co-design Lab is a public sector innovation team, jointly funded by Auckland Council and several central government agencies, that works directly with communities and iwi (Māori tribal groups) to design better public services for complex social problems.",Auckland,https://www.aucklandco-lab.nz,,https://nz.linkedin.com/company/auckland-co-design-lab,,govtech; service design; public sector innovation; co-design,Digital.govt.nz,aucklandco-lab.nz (verified via WebFetch),,,,2026-08-05
Auckland Council Open Data,open-data,"Auckland Council Open Data is the council's public website for browsing and downloading geospatial datasets, such as maps of parks, property boundaries, and infrastructure, so residents and developers can reuse council information.",Auckland,https://data-aucklandcouncil.opendata.arcgis.com/,,,,open data; geospatial; local government; council,data.govt.nz; Koordinates,data-aucklandcouncil.opendata.arcgis.com homepage (verified via WebFetch — page loaded but returned limited extractable text; confirmed as Auckland Council's open data platform via web search),,,,2026-08-05
Auckland Library of Tools,makerspaces / hackerspaces,"Auckland Library of Tools is a Grey Lynn community hub where people can borrow up to 10 tools at a time, from power drills to sewing machines, instead of buying their own, and it also runs monthly repair cafes to help people fix things rather than throw them away.",Auckland,https://www.aucklandlibraryoftools.com/,,,,makerspace; tool library; community tech space; sustainability; volunteer-run,Hackland,"aucklandlibraryoftools.com homepage (verified via curl and WebFetch, HTTP 200)",,,,2026-08-05
Bay of Plenty Regional Council Open Data (Bay of Plenty Maps),open-data,"Bay of Plenty Maps is an open data site where Bay of Plenty Regional Council, Tauranga City Council, Western Bay of Plenty District Council, and Whakatāne District Council share public spatial data, like resource consents and council boundaries.",Bay of Plenty,https://data-boprc.opendata.arcgis.com/,,,,regional council; open data; environment; GIS,,"data-boprc.opendata.arcgis.com homepage (verified via curl, HTTP 200)",,,,2026-08-05
Be. Lab,disability & accessibility tech,"Be. Lab (formerly Be. Accessible) is a New Zealand organisation, launched in 2011, that helps businesses make their websites, apps, and workplaces accessible through digital accessibility assessments, training, and consulting.",national,https://www.belab.co.nz,,https://nz.linkedin.com/company/belabnz,,accessibility; digital accessibility; consulting; disability employment,Blind Low Vision NZ; Access Matters Aotearoa,"web search of belab.co.nz About Us, Our Services, and Digital Accessibility Assessments pages; direct fetch of the site returned a repeated TLS/SSL handshake error rather than real content, but the domain is confirmed live and returning real content indexed by search engines",,,,2026-08-05
Belong Aotearoa,refugee / migrant support tech,"Belong Aotearoa (formerly Auckland Regional Migrant Services) is a charity that has helped migrants, international students, and former refugees settle into New Zealand life for over 20 years, running programmes that help people find connection, housing, and work.",Auckland,https://www.belong.org.nz/,,,,refugee support; migrant support; settlement services; non-profit,HOST International Aotearoa,"belong.org.nz homepage (verified via curl, HTTP 200); web search of belong.org.nz about pages",,,,2026-08-05
Birds New Zealand (Ornithological Society of New Zealand),environmental citizen-science,"Birds New Zealand is the country's bird-watching and research society, running citizen science projects and pointing members to tools like eBird so anyone can record bird sightings and help build a picture of how New Zealand's bird populations are changing.",national,https://www.birdsnz.org.nz,,,,citizen science; birds; conservation; non-profit,iNaturalist NZ – Mātaki Taiao (formerly NatureWatch NZ),birdsnz.org.nz homepage (verified via WebFetch),,,,2026-08-05
Blind Low Vision NZ,disability & accessibility tech,"Blind Low Vision NZ (formerly the Royal New Zealand Foundation of the Blind) supports blind, deafblind, and low-vision New Zealanders, including publishing web accessibility guidelines and running an Accessible Formats Service that produces documents in Braille, large print, and audio.",national,https://blindlowvision.org.nz,,https://nz.linkedin.com/company/blind-low-vision-nz,,accessibility; disability; WCAG; assistive technology; charity,Access Matters Aotearoa,blindlowvision.org.nz (verified via WebFetch),,,,2026-08-05
Bridge Seat Cooperative,worker-coop / platform-coop tech,"Bridge Seat Cooperative is a small worker-owned group of freelance technology workers based in New Zealand who host services for the decentralised social web, aiming to keep parts of the internet run as a shared public service rather than for commercial profit.",national,https://bridgeseat.substack.com,,,,worker cooperative; platform cooperative; decentralised web; freelance,Loomio; Cooperative Business New Zealand,bridgeseat.substack.com (verified via WebFetch),,,,2026-08-05
CarbonCrop,green / climate-tech,"CarbonCrop is a New Zealand company, spun out of the Nelson AI Institute in 2020, that uses artificial intelligence and satellite imagery to help farmers and landowners measure their native forests and turn forest restoration into paid carbon credits.",Nelson,https://www.carboncrop.com,,https://nz.linkedin.com/company/carboncrop,,climate tech; carbon credits; AI; forestry; startup,,carboncrop.com (verified via WebFetch); LinkedIn company listing found via web search,,,,2026-08-05
Catalyst IT,research / education tech,"Catalyst IT is a New Zealand-owned open-source software company, founded in Wellington in 1997, that builds and supports open-source systems for education (such as Moodle) and libraries (such as Koha), and does significant work for the public sector.",Wellington,https://www.catalyst.net.nz,,https://nz.linkedin.com/company/catalyst-it-limited,,open source; education technology; library systems; government contractor,Digital.govt.nz,"web search of catalyst.net.nz official pages (about-us, our-history, government-and-public-sector); direct fetch of the site returned an HTTP 403 from the site's own bot-protection, but the domain is confirmed live and returning real content indexed by search engines",,,,2026-08-05
Cawthron Institute Ocean Technologies,green / climate-tech,"Cawthron Institute, a science research institute based in Nelson, builds ocean sensors and data buoys that let mussel and salmon farmers check water conditions on their phones, and it recently spun out a company called Ocean Intelligence to sell this technology.",Nelson,https://www.cawthron.org.nz/what-we-do/ocean-health/ocean-technologies/,,,,ocean tech; aquaculture; remote sensors; research institute; climate tech,CarbonCrop,"cawthron.org.nz/what-we-do/ocean-health/ocean-technologies (verified via curl, HTTP 200); cawthron.org.nz news page on the Ocean Intelligence spin-out found via web search",,,,2026-08-05
ChangeMakers Resettlement Forum,refugee / migrant support tech,"ChangeMakers Resettlement Forum is a Wellington-region charity representing more than 18 refugee-background communities, working through advocacy, research, and community projects so former refugees can fully take part in life in New Zealand.",Wellington,https://crf.org.nz/,,https://nz.linkedin.com/company/changemakers-resettlement-forum,,refugee support; resettlement; advocacy; non-profit,Belong Aotearoa,"crf.org.nz homepage (verified via curl, HTTP 200); crf.org.nz about-us page found via web search",,,,2026-08-05
Christchurch City Council Open Data Portal,open-data,"Christchurch City Council's Spatial Open Data Portal publishes public datasets about council assets, infrastructure, and planning rules, so contractors and residents can find authoritative maps of the city.",Christchurch,https://opendata-christchurchcity.hub.arcgis.com/,,,,city council; open data; GIS,,"opendata-christchurchcity.hub.arcgis.com homepage (verified via curl, HTTP 200)",,,,2026-08-05
Citizens Advice Bureau New Zealand (CAB),legal-aid / justice tech,"Citizens Advice Bureau New Zealand is a national charity, running since 1970, with about 80 branches and over 2,000 volunteers who give free, confidential advice on legal, tenancy, and everyday problems, and maintain a directory of more than 30,000 community organisations.",national,https://www.cab.org.nz/,,,,legal aid; advice service; non-profit; community directory,Community Law Centres o Aotearoa,"cab.org.nz homepage (verified via curl, HTTP 200); web search of cab.org.nz and Wikipedia",,,,2026-08-05
Clearhead,mental-health tech,"Clearhead is a New Zealand company, built with clinical experts, that gives workplaces a digital mental health platform with self-help tools, staff wellbeing data, and access to therapy sessions in person, online, or after hours.",national,https://www.myclearhead.com,,,,mental health; employee wellbeing; digital health; startup,Groov (formerly Mentemia),"myclearhead.com homepage, redirected from clearhead.org.nz (verified via WebFetch)",,,,2026-08-05
Collaborate,nonprofit / NGO tech,"Collaborate is a New Zealand volunteering app that matches people's skills and interests to volunteer roles at non-profit and community organisations, and has been used by groups including New Zealand Red Cross.",national,https://www.letscollaborate.co.nz,,,,volunteering; nonprofit tech; matching platform; app,New Zealand Red Cross,letscollaborate.co.nz (verified via WebFetch),,,,2026-08-05
Community Housing Aotearoa,housing / homelessness tech,"Community Housing Aotearoa is the peak body for New Zealand's community housing sector, representing more than 175 housing providers and partners who together house around 30,000 people, and it campaigns and shares research so more New Zealanders can access a warm, safe, affordable home.",Wellington,https://www.communityhousing.org.nz,,,,housing; homelessness; peak body; advocacy,,communityhousing.org.nz homepage (verified via WebFetch),,,,2026-08-05
Community Law Centres o Aotearoa,legal-aid / justice tech,"Community Law Centres o Aotearoa runs 24 free legal help centres across New Zealand and publishes the Community Law Manual Online, a free plain-English guide to New Zealand law used by about 70,000 people a month, so people who cannot afford a lawyer can still understand their rights.",national,https://communitylaw.org.nz,,,,legal aid; access to justice; non-profit; legal information,,communitylaw.org.nz homepage (verified via WebFetch); Community Law Manual usage figure found via web search,,,,2026-08-05
Consumer NZ,nonprofit / NGO tech,"Consumer NZ is an independent, not-for-profit organisation, running since 1959, that tests products, publishes reviews, and campaigns for stronger consumer protection laws so New Zealanders can make better purchasing decisions.",Auckland,https://www.consumer.org.nz,,https://nz.linkedin.com/company/consumer-nz,,consumer protection; advocacy; product testing; non-profit,,consumer.org.nz/about-us (verified via WebFetch); LinkedIn company listing found via web search,,,,2026-08-05
Cooperative Business New Zealand,worker-coop / platform-coop tech,"Cooperative Business New Zealand is the peak industry body for cooperatives, mutuals, and member-owned businesses, representing them to government and running education and networking programmes like the Co-op Academy.",national,https://nz.coop,,,,worker cooperative; peak body; advocacy; member-owned business,Loomio; Enspiral,nz.coop/about-us (verified via WebFetch),,,,2026-08-05
Creative Tech NZ,disability & accessibility tech,"Creative Tech NZ, started by disability advocate Glen McMillan, shares stories and resources about how creative and assistive technology, including AI and accessible design, can help disabled children and their families learn, communicate, and take part in everyday life.",national,https://creativetechnewzealand.co.nz,,,,accessibility; assistive technology; disability; children; AI,Access Matters Aotearoa (Access Alliance),creativetechnewzealand.co.nz homepage (verified via WebFetch),,,,2026-08-05
data.govt.nz,open-data,"data.govt.nz is the New Zealand government's central website for finding and downloading open datasets published by government agencies, covering topics like health, education, transport, and the environment.",national,https://data.govt.nz,,,,open data; government; data catalogue; govtech,LINZ Data Service; DigitalNZ; GovHack Aotearoa,data.govt.nz homepage (verified via WebFetch),,,,2026-08-05
Dev Academy Aotearoa (Māori and Pasifika cohorts),iwi / Māori tech initiatives,"Dev Academy Aotearoa is a New Zealand coding bootcamp that runs dedicated scholarships for Māori, Pasifika, and women, cutting course fees so more people from these groups can retrain as web developers, and it has graduated more than twice the share of women and Māori compared with a typical computer science degree.",national,https://devacademy.co.nz/,,,,Māori tech; coding bootcamp; scholarships; digital skills,Digital Natives Academy,"devacademy.co.nz homepage (verified via curl, HTTP 200); web search of devacademy.co.nz and ecommercenews.co.nz",,,,2026-08-05
Digital Identity New Zealand,govtech,"Digital Identity New Zealand brings together government, business, and community groups working on digital identity, so that New Zealanders can prove who they are online in ways that are open, trustworthy, and work well together.",national,https://digitalidentity.nz,,,,digital identity; digital trust; industry association; govtech,Digital.govt.nz,digitalidentity.nz homepage (verified via WebFetch),,,,2026-08-05
Digital Natives Academy,iwi / Māori tech initiatives,"Digital Natives Academy is a Rotorua-based charity, started in 2014, that gives young people, especially Māori rangatahi (youth), free training and access to technology in coding, robotics, animation, and game development, to help them move from using technology to creating it.",Rotorua,https://digitalnatives.academy/,,,,Māori tech; youth technology education; digital skills; charity,Dev Academy Aotearoa,"digitalnatives.academy homepage (verified via curl, HTTP 200); web search of digitalnatives.academy and Wikipedia",,,,2026-08-05
Digital.govt.nz,govtech,"Digital.govt.nz is the New Zealand government's hub for digital transformation guidance, standards, and case studies, including work formerly run by the Department of Internal Affairs' Service Innovation Lab (which closed after several years of running government innovation projects).",national,https://www.digital.govt.nz,,,,govtech; digital government; standards; service design,Auckland Co-Design Lab; data.govt.nz,digital.govt.nz (verified via WebFetch); Service Innovation Lab closure reported on digital.govt.nz news page found via web search,,,,2026-08-05
DigitalNZ,open-data,"DigitalNZ, run by the National Library of New Zealand, is a search service and open application programming interface (API) that brings together more than 30 million digitised items — photos, articles, and records — from over 200 New Zealand museums, libraries, and archives into one searchable place.",national,https://digitalnz.org,https://github.com/DigitalNZ,,,open data; cultural heritage; API; aggregator; open source,data.govt.nz; GovHack Aotearoa,digitalnz.org and github.com/DigitalNZ (both verified via WebFetch),,,,2026-08-05
Dunedin City Council Open Data,open-data,Dunedin City Council runs an open data hub where people can explore and download the council's public spatial data and build their own maps and tools with it.,Dunedin,https://city-of-dunedin-open-data-dunedin-gis.hub.arcgis.com/,,,,city council; open data; GIS,,"city-of-dunedin-open-data-dunedin-gis.hub.arcgis.com homepage (verified via curl, HTTP 200)",,,,2026-08-05
Enspiral,worker-coop / platform-coop tech,"Enspiral is a Wellington-founded network of people and social enterprises who support each other to do work that helps society, and it is the community that the decision-making tool Loomio originally grew out of.",Wellington,https://www.enspiral.com,,https://nz.linkedin.com/company/enspiral,,social enterprise network; cooperative; incubator; collective,Loomio,enspiral.com (verified via WebFetch); P2P Foundation and Corporate Rebels background via web search,,,,2026-08-05
Envico Technologies,green / climate-tech,"Envico Technologies is a Tauranga-based company that builds heavy-lifting drones to help protect New Zealand's native wildlife, using them to drop pest bait and native seeds in places that are too remote or dangerous for people to reach on foot.",Tauranga,https://www.envicotech.co.nz,,https://nz.linkedin.com/company/envicotech,,climate tech; conservation tech; drones; pest control; startup,,envicotech.co.nz About Us page (verified via WebFetch); LinkedIn company listing and Callaghan Innovation background found via web search,,,,2026-08-05
Environment Canterbury Open Data,open-data,"Environment Canterbury runs an open data portal where anyone can download the regional council's public information about air quality, freshwater, and resource consents in the Canterbury region.",Canterbury,https://data.ecan.govt.nz/,,,,regional council; open data; environment; GIS,,"data.ecan.govt.nz homepage (verified via curl, HTTP 200)",,,,2026-08-05
Environment Southland Open Data,open-data,"Environment Southland, the Southland Regional Council, publishes open GIS data on rivers, resource consents, and monitoring sites, including live environmental data like river flows and rainfall for the Southland region.",Southland,https://data-esgis.opendata.arcgis.com/,,,,regional council; open data; environment; GIS,,"data-esgis.opendata.arcgis.com homepage (verified via curl, HTTP 200); envdata.es.govt.nz noted as companion live-data site",,,,2026-08-05
Everybody Eats,food-rescue / food-security tech,"Everybody Eats is a New Zealand charity that runs pay-what-you-can restaurants cooking three-course meals from surplus and rescued food, so anyone can eat a proper meal regardless of what they can afford to pay.",national,https://everybodyeats.nz,,,,food rescue; food security; charity; hospitality,KiwiHarvest; Kaibosh,everybodyeats.nz homepage title confirmed via curl (HTTP 200); WebFetch was blocked by the site's own bot-protection (403),,,,2026-08-05
Figure.NZ,open-data,"Figure.NZ is a charity that publishes free, easy-to-understand data and charts about New Zealand, so anyone can find and reuse the country's numbers without needing to be a data expert.",Auckland,https://figure.nz,,https://nz.linkedin.com/company/figure-nz,,open data; data visualisation; data literacy; charity,,figure.nz homepage (verified via WebFetch); LinkedIn company listing found via web search,,,,2026-08-05
GeoNet,crisis / humanitarian-tech,"GeoNet is New Zealand's natural hazard monitoring system, run by GNS Science with government partners, using over 1,000 sensors to provide free, real-time open data on earthquakes, volcanoes, tsunamis, and landslides.",national,https://www.geonet.org.nz,,,,disaster monitoring; open data; earthquakes; science agency,data.govt.nz,geonet.org.nz (verified via WebFetch); GNS Science background via web search,,,,2026-08-05
Get Ready (National Emergency Management Agency),crisis / humanitarian-tech,"Get Ready is the New Zealand government's National Emergency Management Agency website that helps people prepare for disasters like earthquakes and floods, including information on the Emergency Mobile Alert system that broadcasts warnings straight to phones without needing an app.",national,https://getready.govt.nz,,,,disaster preparedness; government agency; emergency alerts; civil defence,GeoNet; New Zealand Red Cross,"web search of getready.govt.nz and civildefence.govt.nz official pages; direct fetch of the site returned an HTTP 403 from the site's own bot-protection, but the domain is confirmed live and returning real content indexed by search engines",,,,2026-08-05
Gisborne District Council Geoportal (Tairāwhiti),open-data,"Gisborne District Council's Geoportal Data Hub lets people explore and download public spatial data for the Tairāwhiti (Gisborne) region, like parks, public toilets, and sites of geological significance.",Gisborne,https://geoportal-gizzy.opendata.arcgis.com/,,,,district council; open data; GIS,,"geoportal-gizzy.opendata.arcgis.com homepage (verified via curl, HTTP 200)",,,,2026-08-05
Givealittle,volunteering / giving platforms,"Givealittle is a New Zealand-owned, not-for-profit crowdfunding website, owned by Perpetual Guardian, where people and charities can raise money online for personal causes, community projects, and disaster response.",Auckland,https://www.givealittle.co.nz,,https://www.linkedin.com/company/givealittle,,crowdfunding; giving platform; charity; fundraising,Volunteering New Zealand (Tūao Aotearoa),givealittle.co.nz homepage (verified via WebFetch); LinkedIn company page confirmed via WebFetch,,,,2026-08-05
Good Shepherd New Zealand,financial-inclusion / fintech-for-good,"Good Shepherd New Zealand is a charity that helps women, girls, and families facing hardship, including family violence, by giving no-interest loans, insurance help, and financial counselling so people can avoid predatory lenders and unmanageable debt.",Wellington,https://www.goodshepherd.org.nz,,https://www.linkedin.com/company/good-shepherd-nz,,financial inclusion; microfinance; charity; family violence support,Ngā Tāngata Microfinance,goodshepherd.org.nz homepage (verified via WebFetch); LinkedIn company page confirmed via WebFetch,,,,2026-08-05
GovHack Aotearoa New Zealand,civic-tech,"GovHack is an annual 46-hour hackathon held across Australia and New Zealand where teams build projects using open government data, run in NZ cities including Auckland, Wellington, Christchurch, and Dunedin.",national,https://www.govhack.org,,https://nz.linkedin.com/company/govhack,,hackathon; open data; civic tech; volunteer-run,data.govt.nz; DigitalNZ; LINZ Data Service,"govhack.org (verified via WebFetch — note: the separate govhack.org.nz domain has expired and now redirects to an unrelated casino review site, so only govhack.org should be used)",,,,2026-08-05
GOVIS,govtech,"GOVIS is a non-profit association of New Zealand government IT and information professionals, running since 1991, that organises conferences and forums to help public servants share knowledge about technology, data, and digital government.",Wellington,https://www.govis.org.nz,,https://nz.linkedin.com/company/govis-incorporated,,govtech; government IT; professional community; non-profit,Digital.govt.nz; NZ GovTech,govis.org.nz/page/about (verified via WebFetch),,,,2026-08-05
Greater Wellington Regional Council Open Data,open-data,"Greater Wellington Regional Council shares open data on air quality, rainfall, river levels, and water quality for the Wellington region, free to download or connect to as live map layers.",Wellington,https://data-gwrc.opendata.arcgis.com/,,,,regional council; open data; environment; GIS,,"data-gwrc.opendata.arcgis.com homepage (verified via curl, HTTP 200)",,,,2026-08-05
Groov (formerly Mentemia),mental-health tech,"Groov is a New Zealand mental health app, started in 2018 by former All Black Sir John Kirwan and tech entrepreneur Adam Clark under the name Mentemia, that gives people simple daily tools like mindfulness exercises and mood tracking to look after their mental wellbeing.",national,https://www.groovnow.com,,,,mental health; wellbeing app; corporate wellbeing; startup,Whakarongorau Aotearoa,groovnow.com homepage and blog post 'Welcome to Groov - the new name for Mentemia' (verified via WebFetch); rebrand and founding details corroborated via businessdesk.co.nz and RNZ found via web search,,,,2026-08-05
Hackland,civic-tech,"Hackland is a volunteer-run community makerspace in Grey Lynn, Auckland, where members share tools like 3D printers, laser cutters, and woodworking and metalworking equipment, and learn skills from each other at weekly open evenings.",Auckland,https://hackland.nz,https://github.com/HakLand,,,makerspace; hackerspace; community tech space; volunteer-run,,hackland.nz homepage (verified via WebFetch) and github.com/HakLand (verified via web search),,,,2026-08-05
Hawke's Bay Regional Council Open Data,open-data,"Hawke's Bay Regional Council's open data page lets people view and download council-collected data, like water quality and environmental monitoring information, for free reuse.",Hawke's Bay,https://www.hbrc.govt.nz/our-council/open-data/,,,,open data; environmental data; local government; council,data.govt.nz,"web search of hbrc.govt.nz open data page; direct fetch of the site returned an HTTP 403 from the site's own bot-protection, but the domain is confirmed live and returning real content indexed by search engines",,,,2026-08-05
HOST International Aotearoa,refugee / migrant support tech,"HOST International Aotearoa is a New Zealand charity that works with former refugees, migrants, and asylum seekers, focusing on new ideas that help people settle in and feel included in their new communities.",national,https://www.hostinternational.org.nz/,,,,refugee support; migrant support; settlement services; non-profit; innovation,,"hostinternational.org.nz homepage (verified via curl, HTTP 200)",,,,2026-08-05
Hui E! Community Aotearoa,nonprofit / NGO tech,"Hui E! Community Aotearoa connects community groups, hapū, and iwi around the country, helping them build capability and pushing for fairer funding and policy for the community sector.",Wellington,https://www.huie.org.nz,,,,community sector; capability building; Treaty partnership; network,,huie.org.nz homepage (verified via WebFetch),,,,2026-08-05
Hāpai Te Hauora,health tech for good / hauora Māori,"Hāpai Te Hauora is a Māori public health organisation that works on issues like tobacco control, alcohol and drug harm, and mental wellbeing, and shares research, resources, and grant funding to support Māori-led community health projects.",national,https://hapai.co.nz,,,,hauora Māori; public health; Māori-led; non-profit,Te Mana Raraunga,hapai.co.nz homepage (verified via WebFetch),,,,2026-08-05
IHC New Zealand,disability employment tech,"IHC is New Zealand's largest charity supporting people with intellectual disabilities, running housing, community, and advocacy services through its subsidiaries IDEA Services, Choices NZ, and Accessible Properties, so people can live full lives in their communities.",national,https://www.ihc.org.nz,,,,disability support; intellectual disability; charity; advocacy,Blind Low Vision NZ; Workbridge,ihc.org.nz homepage (verified via WebFetch),,,,2026-08-05
iNaturalist NZ – Mātaki Taiao (formerly NatureWatch NZ),environmental citizen-science,"iNaturalist NZ – Mātaki Taiao, run by the New Zealand Bio-Recording Network Trust, is a website and app where anyone can record sightings of plants, animals, and fungi, helping scientists track new and spreading species across the country; it started in 2006 as NatureWatch NZ and rebranded in 2018.",national,https://www.inaturalist.nz,,,,citizen science; biodiversity; conservation; open data,The Cacophony Project; Trap.NZ,"inaturalist.nz redirected to www.inaturalist.nz but was blocked by the site's own Cloudflare bot-protection (403); corroborated via iNaturalist.org's own blog post 'From NatureWatch NZ to iNaturalist NZ' and DOC's blog, found via web search",,,,2026-08-05
InternetNZ,human-rights tech,"InternetNZ is a non-profit membership organisation that manages the .nz internet domain name system and advocates for an open, secure internet in New Zealand, including work on digital equity and online harm.",Wellington,https://internetnz.nz,,,,digital rights; internet policy; domain names; non-profit,,"web search of internetnz.nz official pages; direct fetch of the site returned an HTTP 403 from the site's own bot-protection, but the domain is confirmed live and returning real content indexed by search engines",,,,2026-08-05
JustSpeak,legal-aid / justice tech,"JustSpeak is a New Zealand movement of young people who campaign for a fairer criminal justice system, pushing for policy based on evidence rather than punishment through public campaigns and submissions to Parliament.",national,https://www.justspeak.org.nz/,,,,justice reform; advocacy; youth movement; non-profit,Community Law Centres o Aotearoa,"justspeak.org.nz homepage (verified via curl, HTTP 200); web search of justspeak.org.nz purpose page",,,,2026-08-05
Kaibosh,food-rescue / food-security tech,"Kaibosh is a food rescue charity that has worked in the Wellington region since 2008, using volunteers to collect surplus food from shops and farms and pass it on to community groups, aiming for zero food poverty and zero food waste.",Wellington,https://kaibosh.org.nz,,,,food rescue; food security; charity; volunteer-run,KiwiHarvest; Everybody Eats,kaibosh.org.nz homepage (verified via WebFetch),,,,2026-08-05
Katoa Connect (formerly 20/20 Trust),digital-inclusion,"Katoa Connect, previously known as the 20/20 Trust, is a New Zealand charity that helps adults build everyday digital skills, like online banking and job applications, so the more than 800,000 New Zealand adults who currently lack these skills are not left behind.",national,https://www.katoaconnect.org.nz,,,,digital inclusion; digital skills; charity; adult education,,"katoaconnect.org.nz homepage, redirected from 2020.org.nz (verified via WebFetch)",,,,2026-08-05
Kiwa Digital,iwi / Māori tech initiatives,"Kiwa Digital is an Auckland technology company, founded in 2003, that builds apps and cloud software helping Indigenous communities record, protect, and share their languages and cultural stories, including tools for te reo Māori.",Auckland,https://kiwadigital.com/,,,,Māori tech; indigenous language technology; cultural data sovereignty; startup,Te Hiku Media / Papa Reo,"kiwadigital.com about-us page (verified via curl and WebFetch, HTTP 200)",,,,2026-08-05
KiwiHarvest,food-rescue / food-security tech,"KiwiHarvest is a New Zealand charity, founded in 2012 by Deborah Manning, that collects surplus food from supermarkets, growers, and other businesses before it goes to waste, and gives it to charities feeding people in need.",national,https://www.kiwiharvest.org.nz,,https://www.linkedin.com/company/kiwiharvest,,food rescue; food security; charity; sustainability,Kaibosh; Everybody Eats,kiwiharvest.org.nz About Us page (verified via WebFetch); LinkedIn company page confirmed via WebFetch,,,,2026-08-05
KiwiNet (Kiwi Innovation Network),research / education tech,"KiwiNet is a network of 14 New Zealand universities and research organisations that funds early-stage research and helps scientists turn discoveries into real-world products, patents, and startup companies.",national,https://kiwinet.org.nz,,https://nz.linkedin.com/company/kiwinetnz,,research commercialisation; university network; innovation funding; startups,Ara Ake,kiwinet.org.nz/About (verified via WebFetch); LinkedIn company listing found via web search,,,,2026-08-05
Koi Tū – Centre for Informed Futures,research / education tech,"Koi Tū is an independent research centre at the University of Auckland that studies big, long-term problems facing New Zealand, like technology's impact on society, and turns that research into policy advice.",Auckland,https://informedfutures.org,,,,policy research; future of technology; University of Auckland; think tank,,informedfutures.org homepage (verified via WebFetch),,,,2026-08-05
Koordinates,open-data,"Koordinates is an Auckland-founded company that runs a cloud platform for storing, versioning, and sharing geospatial data, and it is the technology behind the government's LINZ Data Service.",Auckland,https://koordinates.com,https://github.com/koordinates,https://nz.linkedin.com/company/koordinates,,open data; geospatial; government contractor; open source,LINZ Data Service (Toitū Te Whenua); data.govt.nz,koordinates.com and github.com/koordinates (both verified via WebFetch); Kart open-source project confirmed at github.com/koordinates/kart via web search,,,,2026-08-05
Kura Matahuna Unleash Space Makerspace (University of Auckland),makerspaces / hackerspaces,"Kura Matahuna Unleash Space Makerspace is a free workshop at the University of Auckland, open to all students and staff, with 3D printers, laser cutters, and electronics gear, where people learn to build and prototype their own projects after safety training.",Auckland,https://www.auckland.ac.nz/en/cie/locations/unleash-space/makerspace.html,,,,makerspace; university; digital fabrication; prototyping; innovation hub,Hackland; Auckland Library of Tools,"auckland.ac.nz Unleash Space makerspace page (verified via curl and WebFetch, HTTP 200)",,,,2026-08-05
LINZ Data Service (Toitū Te Whenua),open-data,"The LINZ Data Service, run by Land Information New Zealand (a government agency, known in Māori as Toitū Te Whenua), gives free open access to New Zealand's land, property, and seabed data, including maps, aerial imagery, and elevation data.",national,https://www.linz.govt.nz/products-services/data/linz-data-service,https://github.com/linz,,,open data; geospatial; government; mapping; open source,data.govt.nz; GovHack Aotearoa,linz.govt.nz page and github.com/linz (both verified via WebFetch),,,,2026-08-05
Loomio,worker-coop / platform-coop tech,Loomio is a Wellington-based worker-owned cooperative that builds open-source software helping groups — from community organisations to unions — discuss a topic and reach a collective decision online.,Wellington,https://www.loomio.com,https://github.com/loomio,,,worker cooperative; decision-making; open source; civic tech,Enspiral,loomio.com and github.com/loomio (both verified via WebFetch); Wikipedia and P2P Foundation background via web search,,,,2026-08-05
Manaaki Whenua Landcare Research LRIS Portal,open-data,"The Land Resource Information System (LRIS) Portal, run by Crown research institute Manaaki Whenua Landcare Research, is a free online tool with over 200 layers of New Zealand land data, like soil types, erosion risk, and land cover, that anyone can search and download.",national,https://soils.landcareresearch.co.nz/tools/lris-portal,,,,land data; soil data; conservation; Crown research institute; open data,LINZ Data Service (Toitū Te Whenua); Koordinates,"soils.landcareresearch.co.nz/tools/lris-portal (verified via curl, HTTP 200); landcareresearch.co.nz description pages found via web search",,,,2026-08-05
Manaiakalani Education Trust,education equity tech,"Manaiakalani Education Trust is an Auckland-based charity that runs a digital learning programme for schools in lower-income communities, giving students devices and teachers training so technology helps close, rather than widen, the education gap for Māori and Pacific students.",Auckland,https://www.manaiakalani.org,,https://www.linkedin.com/company/manaiakalani-education-trust,,education equity; digital learning; charity; Māori and Pacific education,Dev Academy Aotearoa (Māori and Pasifika cohorts); Digital Natives Academy,manaiakalani.org homepage (verified via WebFetch); LinkedIn company page confirmed via WebFetch,,,,2026-08-05
Marlborough District Council Open Data,open-data,"Marlborough District Council shares its public geographic data, such as property boundaries and environmental information, through an open data portal that anyone can browse and download from.",Marlborough,https://data-marlborough.opendata.arcgis.com/,,,,district council; open data; GIS,,"data-marlborough.opendata.arcgis.com homepage (verified via curl, HTTP 200)",,,,2026-08-05
Nelson City Council Open Data,open-data,"Nelson City Council publishes its public GIS data, such as property and infrastructure information, through an ArcGIS open data portal that anyone can browse for free.",Nelson,https://data2018-12-16t234104082z-nelsoncity.opendata.arcgis.com/,,,,city council; open data; GIS,,"data2018-12-16t234104082z-nelsoncity.opendata.arcgis.com homepage (verified via curl, HTTP 200)",,,,2026-08-05
New Zealand Legal Information Institute (NZLII),legal-aid / justice tech,"The New Zealand Legal Information Institute is a free website, run by the law faculties of Otago, Canterbury, and Victoria University of Wellington, that gives anyone free access to New Zealand court decisions, legislation, and law journals that would otherwise cost money to search.",national,https://www.nzlii.org/,,,,legal information; open access; case law; university,OpenLaw NZ; Community Law Centres o Aotearoa,"nzlii.org returned an HTTP 403 from the site's own bot-protection when checked directly, but its existence and content are corroborated by Wikipedia and lawfoundation.org.nz, both found via web search",,,,2026-08-05
New Zealand Red Cross,crisis / humanitarian-tech,"New Zealand Red Cross runs the free Hazard App, downloaded over 200,000 times, which sends official emergency warnings and step-by-step guidance to help people prepare for and get through disasters.",national,https://www.redcross.org.nz,,,,disaster response; emergency app; humanitarian; NGO,Collaborate,redcross.org.nz (verified via WebFetch); redcross.org.nz Hazard App story page found via web search,,,,2026-08-05
Newsroom,journalism / media-tech,"Newsroom is a New Zealand-owned, independent, reader- and donor-supported news website known for investigative reporting on politics, business, and climate change.",Auckland,https://newsroom.co.nz,,https://nz.linkedin.com/company/newsroom-new-zealand,,independent media; investigative journalism; reader-funded,NZ On Air — Public Interest Journalism Fund,"web search of newsroom.co.nz About page and LinkedIn listing; direct fetch of the site returned an HTTP 403 from the site's own bot-protection, but the domain is confirmed live and returning real content indexed by search engines",,,,2026-08-05
Ngā Pae o te Māramatanga,Māori data sovereignty / indigenous data,"Ngā Pae o te Māramatanga is Aotearoa's only Māori Centre of Research Excellence, funding and coordinating research across universities to grow Māori scholarship and support thriving Māori futures.",Auckland,https://www.maramatanga.ac.nz,,,,Māori research; Centre of Research Excellence; indigenous scholarship; University of Auckland,Te Mana Raraunga; Te Kāhui Raraunga,maramatanga.ac.nz homepage (verified via WebFetch),,,,2026-08-05
Ngā Tāngata Microfinance,financial-inclusion / fintech-for-good,"Ngā Tāngata Microfinance is a New Zealand non-profit, backed by Kiwibank, that gives interest-free and fee-free loans up to $5,000 to financially vulnerable New Zealanders, after they work with a financial mentor, so people can avoid high-interest debt.",national,https://ngatangatamicrofinance.org.nz,,,,financial inclusion; microfinance; non-profit; fintech,Good Shepherd New Zealand,ngatangatamicrofinance.org.nz homepage (verified via WebFetch),,,,2026-08-05
NIWA Environmental Data Services,open-data,"NIWA, now part of Earth Sciences New Zealand after a 2025 merger with GNS Science, runs online tools like the Hydro Web Portal and National Climate Database, which let people look up New Zealand's river flow, rainfall, and climate data for free.",national,https://niwa.co.nz/environmental-information/environmental-information-services-0,,,,climate data; water data; open data; science institute,GeoNet,"niwa.co.nz/environmental-information/environmental-information-services-0 (verified via curl, HTTP 200)",,,,2026-08-05
Northland Regional Council Open Data,open-data,"Northland Regional Council publishes an open data portal with public information, such as resource consents and land use data, for people who want to make their own maps of the Northland region.",Northland,https://data-nrcgis.opendata.arcgis.com/,,,,regional council; open data; environment; GIS,,"data-nrcgis.opendata.arcgis.com homepage (verified via curl, HTTP 200)",,,,2026-08-05
NZ GovTech,civic-tech,"NZ GovTech is a Wellington-based volunteer community group, with nearly 1,000 members, that brings together public servants and technologists to talk about open government, civic innovation, and using technology to solve public problems.",Wellington,https://www.meetup.com/nzgovtech/,,,,civic tech; open government; community group; meetup,GovHack Aotearoa New Zealand; GOVIS,meetup.com/nzgovtech (verified via WebFetch),,,,2026-08-05
NZ On Air — Public Interest Journalism Fund,journalism / media-tech,"The Public Interest Journalism Fund was a NZ$55 million government fund, run through NZ On Air, that supported New Zealand news organisations — including small, Māori, Pacific, and ethnic media — to keep producing investigative and community journalism.",national,https://www.nzonair.govt.nz/news/government-backs-sustainable-public-interest-journalism/,,,,journalism funding; government agency; media innovation; public interest,Newsroom,nzonair.govt.nz news release (verified via WebFetch),,,,2026-08-05
OpenLaw NZ,legal-aid / justice tech,"OpenLaw NZ is a non-profit charity, started in 2018, that builds free and open-source legal research tools because New Zealand had no free way to search its own laws and court cases online.",national,https://www.openlaw.nz/our-mission,,,,legal tech; open source; access to justice; non-profit,Community Law Centres o Aotearoa,"openlaw.nz/our-mission (verified via curl, HTTP 200)",,,,2026-08-05
Otago Regional Council Spatial Data Portal,open-data,"The Otago Regional Council Spatial Data Portal is a website where people can discover, explore, and download the council's geographic datasets, like maps of land, water, and boundaries in the Otago region.",Otago,https://orc-spatial-data-portal-orcnz.hub.arcgis.com/,,,,open data; geospatial; local government; council,data.govt.nz,orc-spatial-data-portal-orcnz.hub.arcgis.com homepage (verified via WebFetch — page loaded successfully); description corroborated via web search,,,,2026-08-05
Para Kore,green / climate-tech,"Para Kore is a Māori charitable trust that helps marae, kura, and communities cut waste to zero, teaching zero-waste practices grounded in Māori knowledge and values.",Waikato,https://parakore.maori.nz,,,,zero waste; Māori-led; kaupapa Māori; charitable trust,,parakore.maori.nz homepage (verified via WebFetch),,,,2026-08-05
Predator Free NZ Trust,environmental citizen-science,"Predator Free NZ Trust mobilises communities across the country to trap invasive predators and protect native wildlife, using a national map, trail cameras, and data tools so volunteers can track and coordinate their conservation efforts.",national,https://predatorfreenz.org,,,,conservation; citizen science; predator control; community mapping,Trap.NZ; The Cacophony Project,predatorfreenz.org homepage (verified via WebFetch),,,,2026-08-05
Privacy Foundation New Zealand,human-rights tech,"The Privacy Foundation is a volunteer-run, not-for-profit society that researches and campaigns for New Zealanders' privacy rights, including a digital economy working group that comments on how technology and data laws affect personal privacy.",national,https://privacyfoundation.nz,,https://nz.linkedin.com/company/privacy-foundation-new-zealand,,digital rights; privacy; advocacy; non-profit,InternetNZ,"web search of privacyfoundation.nz About Us and working-groups pages; direct fetch of the site returned an HTTP 403 from the site's own bot-protection, but the domain is confirmed live and returning real content indexed by search engines",,,,2026-08-05
Public Good Aotearoa (Te Iwi Whānui),civic-tech,"Public Good is a volunteer network of New Zealanders working to rebuild trust between people and government, by pushing for a stronger public sector, genuine democracy, and community wealth-building.",Wellington,https://www.publicgood.nz,,,,civic advocacy; public sector reform; democracy; volunteer network,ActionStation,publicgood.nz homepage (verified via WebFetch),,,,2026-08-05
REANNZ,research / education tech,"REANNZ (Research and Education Advanced Network New Zealand) is a Crown-owned non-profit that runs New Zealand's high-speed internet network dedicated to universities, research institutes, and schools, connecting them to more than 120 similar networks worldwide.",national,https://www.reannz.co.nz,,https://nz.linkedin.com/company/reannz,,research network; education infrastructure; Crown entity; connectivity,,reannz.co.nz (verified via WebFetch),,,,2026-08-05
Refugees as Survivors New Zealand (RASNZ),refugee / migrant support tech,"Refugees as Survivors New Zealand is a charity, running since 1995, that gives mental health and wellbeing support to people from refugee backgrounds, including survivors of torture, through specialist assessment and treatment services.",Auckland,https://rasnz.co.nz/,,,,refugee support; mental health; trauma support; non-profit,Belong Aotearoa,"rasnz.co.nz homepage (verified via curl, HTTP 200); web search of rasnz.co.nz and Wikipedia",,,,2026-08-05
Rewiring Aotearoa,green / climate-tech,"Rewiring Aotearoa is a New Zealand non-profit that researches and campaigns for households and small businesses to switch from fossil-fuel machines, like petrol cars and gas heaters, to electric ones powered by renewable energy, so people save money and cut carbon emissions.",national,https://www.rewiring.nz,,https://www.linkedin.com/company/rewiring-aotearoa,,climate tech; energy transition; electrification; advocacy; non-profit,,rewiring.nz homepage (verified via WebFetch); LinkedIn company listing found via web search,,,,2026-08-05
Summer of Tech,education equity tech,"Summer of Tech is a New Zealand charitable programme that connects students and junior tech talent with employers through internships and mentoring, helping people get their first step into a tech career.",national,https://www.summeroftech.co.nz,,,,internships; tech careers; talent pipeline; charity,Dev Academy Aotearoa,summeroftech.co.nz homepage (verified via WebFetch),,,,2026-08-05
Sustainable Business Network,green / climate-tech,"The Sustainable Business Network is New Zealand's longest-running sustainable business organisation, helping companies act on climate change, waste, and nature through training, tools, and research reports on clean-tech innovation.",Auckland,https://sustainable.org.nz,,https://nz.linkedin.com/company/sustainable-business-network,,sustainability; climate action; business network; clean tech,,"web search of sustainable.org.nz official pages; direct fetch of the site returned an HTTP 403 from the site's own bot-protection, but the domain is confirmed live and returning real content indexed by search engines",,,,2026-08-05
Sustainable Coastlines,green / climate-tech,"Sustainable Coastlines is an Auckland-based charity that runs Litter Intelligence, New Zealand's national database of beach litter, where trained volunteers survey rubbish on beaches using a standard method so the data can be used by government to shape plastic pollution policy.",Auckland,https://sustainablecoastlines.org,,https://nz.linkedin.com/company/sustainable-coastlines,,climate tech; environmental data; citizen science; charity; plastic pollution,,sustainablecoastlines.org Litter Intelligence page (verified via WebFetch); LinkedIn company listing found via web search,,,,2026-08-05
Takiwā,iwi / Māori tech initiatives,"Takiwā is a New Zealand geospatial mapping platform, running since 2012, that lets Māori landowners, iwi, and other indigenous communities collect and control their own cultural and environmental data on interactive maps, instead of only government agencies holding that data.",national,https://www.takiwa.co/,,,,Māori tech; indigenous data sovereignty; geospatial; mapping; startup,Te Kāhui Raraunga; Te Mana Raraunga,"takiwa.co homepage (verified via curl and WebFetch, HTTP 200)",,,,2026-08-05
Taranaki Regional Council Open Data,open-data,"Taranaki Regional Council's open data hub lets people download public datasets and story maps about biodiversity, rivers, resource consents, and iwi boundaries in the Taranaki region.",Taranaki,https://opendata-trcnz.hub.arcgis.com/,,,,regional council; open data; environment; GIS,,"opendata-trcnz.hub.arcgis.com homepage (verified via curl, HTTP 200)",,,,2026-08-05
Tasman District Council GeoHUB,open-data,"Tasman District Council's GeoHUB is an open data catalogue where people can download the council's public GIS layers, like property and planning information, for the Tasman region.",Tasman,https://geohub.tasman.govt.nz/,,,,district council; open data; GIS,,"geohub.tasman.govt.nz homepage (verified via curl, HTTP 200)",,,,2026-08-05
Te Hiku Media / Papa Reo,Māori data sovereignty / indigenous data,"Te Hiku Media is a Northland-based iwi (tribal) radio and media organisation whose Papa Reo project builds speech-recognition and language technology for te reo Māori, while keeping ownership of the language data with the Māori community that provided it.",Kaitaia,https://papareo.nz,https://github.com/TeHikuMedia,,,Māori data sovereignty; language technology; speech recognition; te reo Māori; open source,Te Mana Raraunga,"papareo.nz, tehiku.nz, and github.com/TeHikuMedia (all verified via WebFetch); NVIDIA blog background via web search",,,,2026-08-05
Te Hīhiri Digital Innovation Hub,Māori data sovereignty / indigenous data,"Te Hīhiri Digital Innovation Hub, run by Te Matarau a Maui in the Wellington region, supports Māori entrepreneurs and technologists through five local hubs, offering mentoring and access to funding and networks so tech businesses can grow in a way grounded in Māori values.",Wellington,https://tematarau.co.nz/programmes/te-hihiri-digital-innovation-hub,,,,Māori tech; digital innovation hub; entrepreneurship; regional network,Te Mana Raraunga; Te Kāhui Raraunga,tematarau.co.nz Te Hīhiri Digital Innovation Hub page (verified via WebFetch),,,,2026-08-05
Te Kāhui Raraunga,Māori data sovereignty / indigenous data,"Te Kāhui Raraunga is an independent charitable trust, set up in 2019 to carry out the work of the Data Iwi Leaders Group, that builds tools like the Te Whata data platform so iwi, hapū, and whānau Māori can collect, govern, and use their own data.",national,https://www.kahuiraraunga.io,,,,Māori data sovereignty; indigenous rights; data governance; charitable trust,Te Mana Raraunga,kahuiraraunga.io (verified via WebFetch),,,,2026-08-05
Te Mana Raraunga,Māori data sovereignty / indigenous data,"Te Mana Raraunga is the Māori Data Sovereignty Network, founded in 2015, which advocates for data about Māori people to be governed by Māori themselves, and helped start the wider global Indigenous data sovereignty movement.",national,https://www.temanararaunga.maori.nz,,,,Māori data sovereignty; indigenous rights; data governance; network,Te Hiku Media,temanararaunga.maori.nz (verified via WebFetch),,,,2026-08-05
Te Pūnaha Matatini,research / education tech,"Te Pūnaha Matatini is a research centre that studies complex systems, like disease spread, ecosystems, and social networks, to help New Zealand understand and respond to big interconnected challenges.",Auckland,https://www.tepunahamatatini.ac.nz,,,,complex systems research; data science; Centre of Research Excellence; University of Auckland,,tepunahamatatini.ac.nz homepage (verified via WebFetch),,,,2026-08-05
The Cacophony Project,green / climate-tech,"The Cacophony Project is a New Zealand non-profit that builds free, open-source cameras and software that use artificial intelligence to automatically spot introduced predators, like rats and stoats, so conservation workers can protect native birds more effectively.",national,https://www.cacophony.org.nz,https://github.com/TheCacophonyProject,,,climate tech; conservation tech; AI; open source; non-profit; predator control,,cacophony.org.nz homepage (verified via WebFetch) and github.com/TheCacophonyProject (verified via web search); opensource.com background via web search,,,,2026-08-05
The Spinoff,journalism / media-tech,"The Spinoff is an independent, digital-native New Zealand news and culture website, founded in 2014, covering politics, society, and Māori affairs through articles, podcasts, newsletters, and a mobile app.",Auckland,https://thespinoff.co.nz,,https://nz.linkedin.com/company/the-spinoff,,independent media; digital-native; journalism; podcasts,Newsroom,thespinoff.co.nz (verified via WebFetch); LinkedIn company listing found via web search,,,,2026-08-05
Toha Network,green / climate-tech,"Toha is a New Zealand technology platform that lets landowners and community groups get paid for verified environmental work, like restoring wetlands or improving water quality, by turning that work into tradeable, data-backed environmental credits.",national,https://toha.network,,https://nz.linkedin.com/company/toha-nz,,climate tech; environmental data; regenerative economy; fintech,,toha.network (verified via WebFetch),,,,2026-08-05
Trap.NZ,green / climate-tech,"Trap.NZ is a free app built by New Zealand company Groundtruth, with support from WWF-New Zealand, that lets community volunteers record and map where they trap pest animals like rats and possums, so more than 9,000 conservation groups can see where pests are being caught across the country.",national,https://trap.nz,,,,predator control; conservation; community science; Predator Free 2050; mapping,The Cacophony Project,"trap.nz homepage (verified via curl, HTTP 200); doc.govt.nz and predatorfreenz.org pages describing Trap.NZ found via web search",,,,2026-08-05
Tātai Aho Rau Core Education,research / education tech,"Tātai Aho Rau Core Education is a Christchurch-founded, charity-registered social enterprise that has worked since 2003 on educational research, teacher professional development, and free digital resources like the LEARNZ virtual field trips for New Zealand schools.",Christchurch,https://core-ed.org,,https://nz.linkedin.com/company/tatai-aho-rau-core-education,,education technology; research; teacher training; charity,,core-ed.org/en_NZ/about-core/our-whakapapa (verified via WebFetch),,,,2026-08-05
Volunteering New Zealand (Tūao Aotearoa),nonprofit / NGO tech,"Volunteering New Zealand is the national body for volunteering, an incorporated society that runs training, online tools, and a volunteer centre network to help community organisations recruit and manage volunteers.",Wellington,https://www.volunteeringnz.org.nz,,,,volunteering; nonprofit tech; peak body; community organisations,Collaborate,volunteeringnz.org.nz (verified via WebFetch),,,,2026-08-05
Waikato Open Data Hub,open-data,"The Waikato Open Data Hub is a website where nine councils across the Waikato region share their maps and datasets together, covering things like roads, pipes, and land boundaries, so anyone can search and download them in one place.",Waikato,https://colabsolutions.govt.nz/shared-services/geospatial-projects-and-services/wodh/,,,,open data; geospatial; local government; council,data.govt.nz,colabsolutions.govt.nz Waikato Open Data Hub page (verified via WebFetch),,,,2026-08-05
Wellington City Council Open Data,open-data,"Wellington City Council has published open geospatial data since 2010, including aerial photos, historic maps, building footprints, and hazard information, free for anyone to download and reuse.",Wellington,https://data-wcc.opendata.arcgis.com/,,,,city council; open data; GIS,,"data-wcc.opendata.arcgis.com homepage (verified via curl, HTTP 200)",,,,2026-08-05
Wellington Community Justice Project,legal-aid / justice tech,"The Wellington Community Justice Project is a charity run by Victoria University of Wellington law students, started in 2010, that runs free advocacy, education, human rights, and law reform projects to improve access to justice for people the legal system overlooks.",Wellington,https://www.wellingtoncjp.com/,,,,access to justice; student-led; advocacy; non-profit,Community Law Centres o Aotearoa,"wellingtoncjp.com homepage and about-us page (verified via curl, HTTP 200, outside default sandbox network restrictions)",,,,2026-08-05
Wellington Hackspace (WHACK),civic-tech,"WHACK, or Wellington Hackspace, is a member-run community workshop in Wellington where people share tools like 3D printers, laser cutters, and CNC machines, and learn making and electronics skills from each other.",Wellington,https://whack.nz,,,,makerspace; hackerspace; community tech space; volunteer-run,Hackland,"whack.nz homepage (verified via curl, HTTP 200); whack.nz/spaces page found via web search",,,,2026-08-05
Whakarongorau Aotearoa,crisis / humanitarian-tech,"Whakarongorau Aotearoa (formerly Homecare Medical) is New Zealand's government-funded telehealth provider, running free 24/7 phone and text services like Healthline and the 1737 Need to Talk mental health line for millions of callers a year.",national,https://whakarongorau.nz,,https://nz.linkedin.com/company/whakarongorau-new-zealand,,telehealth; crisis line; mental health; government-funded,New Zealand Red Cross,whakarongorau.nz (verified via WebFetch); LinkedIn company listing found via web search,,,,2026-08-05
Workbridge,disability employment tech,"Workbridge is a New Zealand employment service that helps disabled jobseekers find work, offering things like CV help, employer connections, and up to a year of ongoing support once someone starts a new job.",national,https://www.workbridge.co.nz,,,,disability employment; employment service; non-profit,IHC New Zealand; Blind Low Vision NZ,workbridge.co.nz homepage (verified via WebFetch),,,,2026-08-05
